分类,疾病,文件名,来源,编号/页码,许可,出处/供图,像素,链接
一、病毒性疾病,麻疹,measles_16469.jpg,PHIL,16469,None - This image is in the public domain.,CDC/ Betty G. Partin,1580x2400,https://wwwn.cdc.gov/PHIL/Details.aspx?pid=16469
一、病毒性疾病,麻疹,measles_22148.jpg,PHIL,22148,None - This image is in the public domain.,CDC,1580x2400,https://wwwn.cdc.gov/PHIL/Details.aspx?pid=22148
一、病毒性疾病,麻疹,measles_24413.jpg,PHIL,24413,None - This image is in the public domain.,"CDC/ Heinz F. Eichenwald, MD",2400x1580,https://wwwn.cdc.gov/PHIL/Details.aspx?pid=24413
一、病毒性疾病,麻疹,measles_24426.jpg,PHIL,24426,None - This image is in the public domain.,"CDC/ Heinz F. Eichenwald, MD",2400x1580,https://wwwn.cdc.gov/PHIL/Details.aspx?pid=24426
一、病毒性疾病,麻疹,measles_24430.jpg,PHIL,24430,None - This image is in the public domain.,"CDC/ Heinz F. Eichenwald, MD",1580x2400,https://wwwn.cdc.gov/PHIL/Details.aspx?pid=24430
一、病毒性疾病,麻疹,measles_24434.jpg,PHIL,24434,None - This image is in the public domain.,"CDC/ Heinz F. Eichenwald, MD",2400x1580,https://wwwn.cdc.gov/PHIL/Details.aspx?pid=24434
一、病毒性疾病,麻疹,measles_24435.jpg,PHIL,24435,None - This image is in the public domain.,"CDC/ Heinz F. Eichenwald, MD",2400x1580,https://wwwn.cdc.gov/PHIL/Details.aspx?pid=24435
一、病毒性疾病,麻疹,measles_24437.jpg,PHIL,24437,None - This image is in the public domain.,"CDC/ Heinz F. Eichenwald, MD",2400x1580,https://wwwn.cdc.gov/PHIL/Details.aspx?pid=24437
一、病毒性疾病,风疹,rubella_22142.jpg,PHIL,22142,None - This image is in the public domain.,CDC,2400x1580,https://wwwn.cdc.gov/PHIL/Details.aspx?pid=22142
一、病毒性疾病,风疹,rubella_22145.jpg,PHIL,22145,None - This image is in the public domain.,CDC,1726x2400,https://wwwn.cdc.gov/PHIL/Details.aspx?pid=22145
一、病毒性疾病,风疹,rubella_22146.jpg,PHIL,22146,None - This image is in the public domain.,CDC,2400x1580,https://wwwn.cdc.gov/PHIL/Details.aspx?pid=22146
一、病毒性疾病,风疹,rubella_22147.jpg,PHIL,22147,None - This image is in the public domain.,CDC,2400x2150,https://wwwn.cdc.gov/PHIL/Details.aspx?pid=22147
一、病毒性疾病,风疹,rubella_24378.jpg,PHIL,24378,None - This image is in the public domain.,CDC,2400x1580,https://wwwn.cdc.gov/PHIL/Details.aspx?pid=24378
一、病毒性疾病,幼儿急疹,roseola_pmc00_PMC10874238.jpg,PMC,PMC10874238,CC BY,Cureus 2024,750x1000,https://pmc.ncbi.nlm.nih.gov/articles/PMC10874238/
一、病毒性疾病,水痘,varicella_book00_p93.jpg,教材,p93,版权所有 · 人民卫生出版社,皮肤性病学（第10版）· 张学军、崔勇、高兴华 主编 · 人民卫生出版社 2024,441x330,
一、病毒性疾病,带状疱疹,zoster_book00_p93.jpg,教材,p93,版权所有 · 人民卫生出版社,皮肤性病学（第10版）· 张学军、崔勇、高兴华 主编 · 人民卫生出版社 2024,898x331,
一、病毒性疾病,手足口病,hfmd_pmc00_PMC11270346.jpg,PMC,PMC11270346,CC BY,Infectious disease reports 2024,712x1066,https://pmc.ncbi.nlm.nih.gov/articles/PMC11270346/
一、病毒性疾病,手足口病,hfmd_pmc01_PMC10846910.jpg,PMC,PMC10846910,CC BY,Cureus 2024,750x500,https://pmc.ncbi.nlm.nih.gov/articles/PMC10846910/
一、病毒性疾病,手足口病,hfmd_pmc02_PMC10846910.jpg,PMC,PMC10846910,CC BY,Cureus 2024,750x500,https://pmc.ncbi.nlm.nih.gov/articles/PMC10846910/
一、病毒性疾病,手足口病,hfmd_pmc03_PMC10699830.jpg,PMC,PMC10699830,CC BY,Cureus 2023,750x625,https://pmc.ncbi.nlm.nih.gov/articles/PMC10699830/
一、病毒性疾病,手足口病,hfmd_pmc04_PMC10699830.jpg,PMC,PMC10699830,CC BY,Cureus 2023,750x563,https://pmc.ncbi.nlm.nih.gov/articles/PMC10699830/
一、病毒性疾病,传染性单核细胞增多症,ebv_1620.jpg,PHIL,1620,None - This image is in the public domain.,CDC/ Emory Univ.; Dr. Sellers,2400x1580,https://wwwn.cdc.gov/PHIL/Details.aspx?pid=1620
一、病毒性疾病,传染性单核细胞增多症,ebv_24828.jpg,PHIL,24828,None - This image is in the public domain.,"CDC/ Dr. Thomas F. Sellers, Emory University",1633x2400,https://wwwn.cdc.gov/PHIL/Details.aspx?pid=24828
一、病毒性疾病,传染性单核细胞增多症,ebv_24918.jpg,PHIL,24918,None - This image is in the public domain.,"CDC/ Emory University, Dr. Thomas F. Sellers",2400x1633,https://wwwn.cdc.gov/PHIL/Details.aspx?pid=24918
一、病毒性疾病,传染性单核细胞增多症,ebv_pmc00_PMC12553962.jpg,PMC,PMC12553962,CC BY,Cureus 2025,750x702,https://pmc.ncbi.nlm.nih.gov/articles/PMC12553962/
一、病毒性疾病,传染性单核细胞增多症,ebv_pmc01_PMC12553962.jpg,PMC,PMC12553962,CC BY,Cureus 2025,750x1000,https://pmc.ncbi.nlm.nih.gov/articles/PMC12553962/
一、病毒性疾病,传染性单核细胞增多症,ebv_pmc02_PMC12398297.jpg,PMC,PMC12398297,CC BY,Cureus 2025,750x952,https://pmc.ncbi.nlm.nih.gov/articles/PMC12398297/
一、病毒性疾病,登革热,dengue_pmc00_PMC13189718.jpg,PMC,PMC13189718,CC BY,Cureus 2026,750x720,https://pmc.ncbi.nlm.nih.gov/articles/PMC13189718/
一、病毒性疾病,登革热,dengue_pmc01_PMC13189718.jpg,PMC,PMC13189718,CC BY,Cureus 2026,750x534,https://pmc.ncbi.nlm.nih.gov/articles/PMC13189718/
一、病毒性疾病,猴痘,mpox_12761.jpg,PHIL,12761,None - This image is in the public domain.,"CDC/ Brian W.J. Mahy, BSc, MA, PhD, ScD, DSc",2400x1577,https://wwwn.cdc.gov/PHIL/Details.aspx?pid=12761
一、病毒性疾病,猴痘,mpox_12763.jpg,PHIL,12763,None - This image is in the public domain.,"CDC/ Brian W.J. Mahy, BSc, MA, PhD, ScD, DSc",2400x1577,https://wwwn.cdc.gov/PHIL/Details.aspx?pid=12763
一、病毒性疾病,猴痘,mpox_12777.jpg,PHIL,12777,None - This image is in the public domain.,"CDC/ Brian W.J. Mahy, BSc, MA, PhD, ScD, DSc",1583x2400,https://wwwn.cdc.gov/PHIL/Details.aspx?pid=12777
一、病毒性疾病,猴痘,mpox_12779.jpg,PHIL,12779,None - This image is in the public domain.,"CDC/ Brian W.J. Mahy, BSc, MA, PhD, ScD, DSc",2400x1564,https://wwwn.cdc.gov/PHIL/Details.aspx?pid=12779
二、细菌感染性疾病,猩红热,scarlet_5163.jpg,PHIL,5163,None - This image is in the public domain.,CDC/ Dr. Andre J. Lebrun,2400x1589,https://wwwn.cdc.gov/PHIL/Details.aspx?pid=5163
二、细菌感染性疾病,败血症 / 脓毒症,sepsis_2858.jpg,PHIL,2858,None - This image is in the public domain.,"CDC/ Dr. Thomas F. Sellers, Emory University",2400x1622,https://wwwn.cdc.gov/PHIL/Details.aspx?pid=2858
二、细菌感染性疾病,败血症 / 脓毒症,sepsis_pmc00_PMC12596455.jpg,PMC,PMC12596455,CC BY,Cureus 2025,750x1000,https://pmc.ncbi.nlm.nih.gov/articles/PMC12596455/
二、细菌感染性疾病,败血症 / 脓毒症,sepsis_pmc01_PMC12930323.jpg,PMC,PMC12930323,CC BY,Cureus 2026,750x563,https://pmc.ncbi.nlm.nih.gov/articles/PMC12930323/
二、细菌感染性疾病,败血症 / 脓毒症,sepsis_pmc02_PMC12723175.jpg,PMC,PMC12723175,CC BY,Case reports in infectious diseases 2025,600x792,https://pmc.ncbi.nlm.nih.gov/articles/PMC12723175/
二、细菌感染性疾病,流行性脑脊髓膜炎,meningo_1333.jpg,PHIL,1333,None - This image is in the public domain.,CDC/ Emory Univ.; Dr. Sellers,2400x1584,https://wwwn.cdc.gov/PHIL/Details.aspx?pid=1333
二、细菌感染性疾病,丹毒,erysipelas_book00_p102.jpg,教材,p102,版权所有 · 人民卫生出版社,皮肤性病学（第10版）· 张学军、崔勇、高兴华 主编 · 人民卫生出版社 2024,772x355,
二、细菌感染性疾病,伤寒 / 副伤寒,typhoid_pmc00_PMC11631300.jpg,PMC,PMC11631300,CC BY,Oxford medical case reports 2024,633x455,https://pmc.ncbi.nlm.nih.gov/articles/PMC11631300/
二、细菌感染性疾病,脓疱疮 / 细菌性毛囊炎,impetigo_book00_p100.jpg,教材,p100,版权所有 · 人民卫生出版社,皮肤性病学（第10版）· 张学军、崔勇、高兴华 主编 · 人民卫生出版社 2024,601x384,
二、细菌感染性疾病,脓疱疮 / 细菌性毛囊炎,impetigo_book01_p101.jpg,教材,p101,版权所有 · 人民卫生出版社,皮肤性病学（第10版）· 张学军、崔勇、高兴华 主编 · 人民卫生出版社 2024,441x297,
二、细菌感染性疾病,脓疱疮 / 细菌性毛囊炎,impetigo_book02_p115.jpg,教材,p115,版权所有 · 人民卫生出版社,皮肤性病学（第10版）· 张学军、崔勇、高兴华 主编 · 人民卫生出版社 2024,441x330,
三、非典型病原体、立克次体、螺旋体,支原体感染相关皮疹,mirm_pmc00_PMC12176330.jpg,PMC,PMC12176330,CC BY,"Einstein (Sao Paulo, Brazil) 2025",688x822,https://pmc.ncbi.nlm.nih.gov/articles/PMC12176330/
三、非典型病原体、立克次体、螺旋体,支原体感染相关皮疹,mirm_pmc01_PMC12268180.jpg,PMC,PMC12268180,CC BY,Anais brasileiros de dermatologia 2025,759x564,https://pmc.ncbi.nlm.nih.gov/articles/PMC12268180/
三、非典型病原体、立克次体、螺旋体,支原体感染相关皮疹,mirm_pmc02_PMC12718623.jpg,PMC,PMC12718623,CC BY,Cureus 2025,750x369,https://pmc.ncbi.nlm.nih.gov/articles/PMC12718623/
三、非典型病原体、立克次体、螺旋体,恙虫病,scrub_pmc00_PMC13189720.jpg,PMC,PMC13189720,CC BY,Frontiers in medicine 2026,767x250,https://pmc.ncbi.nlm.nih.gov/articles/PMC13189720/
三、非典型病原体、立克次体、螺旋体,恙虫病,scrub_pmc01_PMC13173588.jpg,PMC,PMC13173588,CC BY,Cureus 2026,750x1000,https://pmc.ncbi.nlm.nih.gov/articles/PMC13173588/
三、非典型病原体、立克次体、螺旋体,斑疹伤寒,typhus_18837.jpg,PHIL,18837,None - This image is in the public domain.,CDC/ Dr. D.S. Martin,2400x1580,https://wwwn.cdc.gov/PHIL/Details.aspx?pid=18837
三、非典型病原体、立克次体、螺旋体,斑疹伤寒,typhus_18838.jpg,PHIL,18838,None - This image is in the public domain.,CDC/ Dr. D.S. Martin,2400x1580,https://wwwn.cdc.gov/PHIL/Details.aspx?pid=18838
三、非典型病原体、立克次体、螺旋体,二期梅毒,syphilis_book00_p235.jpg,教材,p235,版权所有 · 人民卫生出版社,皮肤性病学（第10版）· 张学军、崔勇、高兴华 主编 · 人民卫生出版社 2024,898x603,
四、真菌相关,念珠菌 / 播散性真菌感染,candida_book00_p117.jpg,教材,p117,版权所有 · 人民卫生出版社,皮肤性病学（第10版）· 张学军、崔勇、高兴华 主编 · 人民卫生出版社 2024,898x668,
五、药物相关性（高发）,发疹型药疹,drug_book00_p142.jpg,教材,p142,版权所有 · 人民卫生出版社,皮肤性病学（第10版）· 张学军、崔勇、高兴华 主编 · 人民卫生出版社 2024,473x355,
五、药物相关性（高发）,SJS / 中毒性表皮坏死松解症,sjs_book00_p143.jpg,教材,p143,版权所有 · 人民卫生出版社,皮肤性病学（第10版）· 张学军、崔勇、高兴华 主编 · 人民卫生出版社 2024,898x296,
五、药物相关性（高发）,DRESS 综合征,dress_pmc00_PMC13036578.jpg,PMC,PMC13036578,CC BY,Cureus 2026,750x881,https://pmc.ncbi.nlm.nih.gov/articles/PMC13036578/
五、药物相关性（高发）,DRESS 综合征,dress_pmc01_PMC13036473.jpg,PMC,PMC13036473,CC BY,Cureus 2026,750x690,https://pmc.ncbi.nlm.nih.gov/articles/PMC13036473/
五、药物相关性（高发）,DRESS 综合征,dress_pmc02_PMC13036473.jpg,PMC,PMC13036473,CC BY,Cureus 2026,750x911,https://pmc.ncbi.nlm.nih.gov/articles/PMC13036473/
六、风湿免疫、血管炎类,川崎病,kawasaki_pmc00_PMC12199967.jpg,PMC,PMC12199967,CC BY,Reports (MDPI) 2024,738x536,https://pmc.ncbi.nlm.nih.gov/articles/PMC12199967/
六、风湿免疫、血管炎类,系统性红斑狼疮,sle_book00_p167.jpg,教材,p167,版权所有 · 人民卫生出版社,皮肤性病学（第10版）· 张学军、崔勇、高兴华 主编 · 人民卫生出版社 2024,898x284,
六、风湿免疫、血管炎类,系统性红斑狼疮,sle_book01_p166.jpg,教材,p166,版权所有 · 人民卫生出版社,皮肤性病学（第10版）· 张学军、崔勇、高兴华 主编 · 人民卫生出版社 2024,898x331,
六、风湿免疫、血管炎类,系统性红斑狼疮,sle_book02_p165.jpg,教材,p165,版权所有 · 人民卫生出版社,皮肤性病学（第10版）· 张学军、崔勇、高兴华 主编 · 人民卫生出版社 2024,818x355,
六、风湿免疫、血管炎类,系统性红斑狼疮,sle_book03_p166.jpg,教材,p166,版权所有 · 人民卫生出版社,皮肤性病学（第10版）· 张学军、崔勇、高兴华 主编 · 人民卫生出版社 2024,898x311,
六、风湿免疫、血管炎类,系统性红斑狼疮,sle_book04_p167.jpg,教材,p167,版权所有 · 人民卫生出版社,皮肤性病学（第10版）· 张学军、崔勇、高兴华 主编 · 人民卫生出版社 2024,768x365,
六、风湿免疫、血管炎类,过敏性紫癜（IgA 血管炎）,hsp_book00_p182.jpg,教材,p182,版权所有 · 人民卫生出版社,皮肤性病学（第10版）· 张学军、崔勇、高兴华 主编 · 人民卫生出版社 2024,473x355,
六、风湿免疫、血管炎类,成人 Still 病,still_pmc00_PMC11932746.jpg,PMC,PMC11932746,CC BY,International journal of hepatology 2025,355x298,https://pmc.ncbi.nlm.nih.gov/articles/PMC11932746/
七、血液系统、恶性疾病,白血病 / 淋巴瘤皮肤浸润,lymphoma_14667.jpg,PHIL,14667,None - This image is in the public domain.,CDC/ Renelle Woodall,2400x1579,https://wwwn.cdc.gov/PHIL/Details.aspx?pid=14667
七、血液系统、恶性疾病,白血病 / 淋巴瘤皮肤浸润,lymphoma_15467.jpg,PHIL,15467,None - This image is in the public domain.,CDC/ Richard S. Hibbits,2400x1580,https://wwwn.cdc.gov/PHIL/Details.aspx?pid=15467
七、血液系统、恶性疾病,白血病 / 淋巴瘤皮肤浸润,lymphoma_pmc00_PMC13138237.jpg,PMC,PMC13138237,CC BY,JAAD case reports 2026,719x719,https://pmc.ncbi.nlm.nih.gov/articles/PMC13138237/
八、过敏性及其他,急性荨麻疹,urticaria_book00_p137.jpg,教材,p137,版权所有 · 人民卫生出版社,皮肤性病学（第10版）· 张学军、崔勇、高兴华 主编 · 人民卫生出版社 2024,898x331,
八、过敏性及其他,急性荨麻疹,urticaria_book01_p138.jpg,教材,p138,版权所有 · 人民卫生出版社,皮肤性病学（第10版）· 张学军、崔勇、高兴华 主编 · 人民卫生出版社 2024,441x330,
八、过敏性及其他,多形红斑,em_book00_p161.jpg,教材,p161,版权所有 · 人民卫生出版社,皮肤性病学（第10版）· 张学军、崔勇、高兴华 主编 · 人民卫生出版社 2024,800x503,
